"","V1","V2","V3","V4","V5"
"1","Se7en","House.of.Cards","Goodfellas","The.Lord.of.the.Rings..The.Return.of.the.King","Boyhood"
"33","Casablanca","City.of.God","Seven.Samurai","The.Godfather","Schindler.s.List"
"42","The.Dark.Knight","Life","It.s.a.Wonderful.Life","House.of.Cards","The.Matrix"
"51","The.Matrix","Seven.Samurai","Inception","The.Blue.Planet","X12.Angry.Men"
"62","The.Blue.Planet","The.Lord.of.the.Rings..The.Return.of.the.King","Inception","One.Flew.Over.the.Cuckoo.s.Nest","X12.Angry.Men"
"75","House.of.Cards","The.Matrix","The.Lord.of.the.Rings..The.Fellowship.of.the.Ring","Goodfellas","Star.Wars"
"130","The.Blue.Planet","Star.Wars","Interstellar","Planet.Earth","Valley.Uprising"
"141","Breaking.Bad","The.Decalogue","House.of.Cards","Life","The.Godfather..Part.II"
"144","Schindler.s.List","It.s.a.Wonderful.Life","Interstellar","Tell.It.on.the.Mountain","Forrest.Gump"
"150","Valley.Uprising","Seven.Samurai","Pulp.Fiction","The.Godfather","It.s.a.Wonderful.Life"
"205","Fight.Club","Se7en","Seven.Samurai","Star.Wars..Episode.V...The.Empire.Strikes.Back","Sherlock"
"247","The.Godfather","Casablanca","Schindler.s.List","Human.Planet","Pulp.Fiction"
"256","Pulp.Fiction","It.s.a.Wonderful.Life","The.Good..the.Bad.and.the.Ugly","The.Godfather","The.Lord.of.the.Rings..The.Return.of.the.King"
"299","Goodfellas","The.Decalogue","Breaking.Bad","House.of.Cards","The.Lord.of.the.Rings..The.Two.Towers"
"313","The.Godfather","Schindler.s.List","Se7en","The.Shawshank.Redemption","Forrest.Gump"
"319","The.Lord.of.the.Rings..The.Two.Towers","The.Godfather..Part.II","The.Dark.Knight","The.Lego.Movie","Goodfellas"
"336","The.Lord.of.the.Rings..The.Fellowship.of.the.Ring","One.Flew.Over.the.Cuckoo.s.Nest","House.of.Cards","Life","Sherlock"
"367","Life","Sherlock","Schindler.s.List","Goodfellas","The.Shawshank.Redemption"
"371","Pulp.Fiction","Tell.It.on.the.Mountain","The.Good..the.Bad.and.the.Ugly","The.Matrix","Valley.Uprising"
"383","House.of.Cards","Goodfellas","Se7en","Planet.Earth","The.Godfather"
"422","Once.Upon.a.Time.in.the.West","The.Lord.of.the.Rings..The.Fellowship.of.the.Ring","Seven.Samurai","The.Blue.Planet","One.Flew.Over.the.Cuckoo.s.Nest"
"428","Human.Planet","The.Lego.Movie","Once.Upon.a.Time.in.the.West","The.Matrix","Fight.Club"
"438","Forrest.Gump","Se7en","Casablanca","Seven.Samurai","Star.Wars..Episode.V...The.Empire.Strikes.Back"
"447","It.s.a.Wonderful.Life","Human.Planet","Tell.It.on.the.Mountain","Gravity","The.Good..the.Bad.and.the.Ugly"
"458","Seven.Samurai","Once.Upon.a.Time.in.the.West","The.Matrix","Inception","Valley.Uprising"
"472","It.s.a.Wonderful.Life","Valley.Uprising","One.Flew.Over.the.Cuckoo.s.Nest","Pulp.Fiction","Planet.Earth"
"477","The.Lord.of.the.Rings..The.Return.of.the.King","City.of.God","Forrest.Gump","Se7en","The.Shawshank.Redemption"
"504","The.Blue.Planet","Star.Wars","The.Lord.of.the.Rings..The.Fellowship.of.the.Ring","The.Matrix","House.of.Cards"
"508","Se7en","Forrest.Gump","City.of.God","Fight.Club","The.Lord.of.the.Rings..The.Return.of.the.King"
"543","Life","Inception","The.Matrix","The.Dark.Knight","The.Lord.of.the.Rings..The.Fellowship.of.the.Ring"
"584","The.Lord.of.the.Rings..The.Fellowship.of.the.Ring","Seven.Samurai","The.Blue.Planet","Inception","Tell.It.on.the.Mountain"
"613","Goodfellas","The.Godfather..Part.II","Fight.Club","Breaking.Bad","Sherlock"
"626","Casablanca","Human.Planet","Star.Wars..Episode.V...The.Empire.Strikes.Back","Boyhood","Forrest.Gump"
"642","Seven.Samurai","The.Lord.of.the.Rings..The.Fellowship.of.the.Ring","Star.Wars..Episode.V...The.Empire.Strikes.Back","Valley.Uprising","The.Shawshank.Redemption"
"644","Breaking.Bad","Planet.Earth","Sherlock","The.Shawshank.Redemption","Human.Planet"
"648","X12.Angry.Men","The.Blue.Planet","Human.Planet","House.of.Cards","Life"
"683","Planet.Earth","Valley.Uprising","It.s.a.Wonderful.Life","The.Godfather","Interstellar"
"691","The.Good..the.Bad.and.the.Ugly","The.Shawshank.Redemption","Pulp.Fiction","It.s.a.Wonderful.Life","The.Lord.of.the.Rings..The.Return.of.the.King"
"715","It.s.a.Wonderful.Life","Interstellar","Tell.It.on.the.Mountain","Valley.Uprising","Human.Planet"
"736","The.Good..the.Bad.and.the.Ugly","The.Shawshank.Redemption","Pulp.Fiction","It.s.a.Wonderful.Life","The.Lord.of.the.Rings..The.Return.of.the.King"
"792","Breaking.Bad","Planet.Earth","Sherlock","The.Shawshank.Redemption","Human.Planet"
"794","The.Godfather","Valley.Uprising","Seven.Samurai","Pulp.Fiction","Casablanca"
"830","Schindler.s.List","The.Shawshank.Redemption","Boyhood","Se7en","Seven.Samurai"
"852","Casablanca","Star.Wars..Episode.V...The.Empire.Strikes.Back","Human.Planet","Se7en","Gravity"
"876","Se7en","Interstellar","Casablanca","Star.Wars..Episode.V...The.Empire.Strikes.Back","Valley.Uprising"
"890","The.Lego.Movie","The.Godfather","The.Good..the.Bad.and.the.Ugly","Life","Se7en"
"906","Breaking.Bad","Planet.Earth","Sherlock","The.Shawshank.Redemption","Human.Planet"
"914","Breaking.Bad","Planet.Earth","Sherlock","The.Shawshank.Redemption","Human.Planet"
"915","The.Lord.of.the.Rings..The.Two.Towers","Breaking.Bad","House.of.Cards","Life","The.Lego.Movie"
"917","House.of.Cards","The.Dark.Knight","Star.Wars","The.Decalogue","Gravity"
"925","The.Lord.of.the.Rings..The.Fellowship.of.the.Ring","Forrest.Gump","The.Shawshank.Redemption","Boyhood","Once.Upon.a.Time.in.the.West"
"948","X12.Angry.Men","Life","The.Matrix","The.Lord.of.the.Rings..The.Fellowship.of.the.Ring","Inception"
"951","Once.Upon.a.Time.in.the.West","X12.Angry.Men","Life","Star.Wars","The.Lord.of.the.Rings..The.Fellowship.of.the.Ring"
"953","Breaking.Bad","Planet.Earth","Sherlock","The.Shawshank.Redemption","Human.Planet"
"956","Life","Goodfellas","The.Dark.Knight","The.Godfather..Part.II","Once.Upon.a.Time.in.the.West"
"971","Breaking.Bad","Planet.Earth","Sherlock","The.Shawshank.Redemption","Human.Planet"
"972","Fight.Club","The.Blue.Planet","The.Lord.of.the.Rings..The.Return.of.the.King","The.Lego.Movie","Breaking.Bad"
"975","Goodfellas","Fight.Club","The.Dark.Knight","House.of.Cards","Once.Upon.a.Time.in.the.West"
"978","Once.Upon.a.Time.in.the.West","The.Blue.Planet","The.Lord.of.the.Rings..The.Return.of.the.King","Inception","One.Flew.Over.the.Cuckoo.s.Nest"
"1022","City.of.God","The.Shawshank.Redemption","Interstellar","Se7en","Casablanca"
"1037","Breaking.Bad","Planet.Earth","Sherlock","The.Shawshank.Redemption","Human.Planet"
"1083","Sherlock","Planet.Earth","Breaking.Bad","Fight.Club","House.of.Cards"
"1117","Breaking.Bad","Planet.Earth","Sherlock","The.Shawshank.Redemption","Human.Planet"
"1121","Breaking.Bad","Planet.Earth","Sherlock","The.Shawshank.Redemption","Human.Planet"
"1135","The.Lord.of.the.Rings..The.Fellowship.of.the.Ring","One.Flew.Over.the.Cuckoo.s.Nest","X12.Angry.Men","Star.Wars","Human.Planet"
"1144","The.Godfather","Casablanca","Schindler.s.List","Boyhood","The.Lord.of.the.Rings..The.Return.of.the.King"
"1174","X12.Angry.Men","The.Matrix","The.Blue.Planet","Sherlock","Breaking.Bad"
"1179","The.Lego.Movie","Human.Planet","The.Lord.of.the.Rings..The.Two.Towers","Fight.Club","The.Decalogue"
"1185","Breaking.Bad","Planet.Earth","Sherlock","The.Shawshank.Redemption","Human.Planet"
"1201","The.Lord.of.the.Rings..The.Fellowship.of.the.Ring","The.Matrix","Inception","Breaking.Bad","The.Blue.Planet"
"1207","Once.Upon.a.Time.in.the.West","Sherlock","The.Blue.Planet","The.Lord.of.the.Rings..The.Return.of.the.King","Inception"
"1233","Breaking.Bad","Planet.Earth","Sherlock","The.Shawshank.Redemption","Human.Planet"
"1253","Inception","The.Blue.Planet","Seven.Samurai","X12.Angry.Men","One.Flew.Over.the.Cuckoo.s.Nest"
"1259","The.Lord.of.the.Rings..The.Fellowship.of.the.Ring","One.Flew.Over.the.Cuckoo.s.Nest","The.Blue.Planet","Inception","The.Lord.of.the.Rings..The.Return.of.the.King"
"1264","The.Godfather","Se7en","The.Shawshank.Redemption","Star.Wars..Episode.V...The.Empire.Strikes.Back","Forrest.Gump"
"1291","The.Lord.of.the.Rings..The.Two.Towers","The.Godfather","Casablanca","Se7en","Schindler.s.List"
"1310","The.Good..the.Bad.and.the.Ugly","The.Shawshank.Redemption","Pulp.Fiction","It.s.a.Wonderful.Life","The.Lord.of.the.Rings..The.Return.of.the.King"
"1311","Breaking.Bad","Planet.Earth","Sherlock","The.Shawshank.Redemption","Human.Planet"
"1327","Casablanca","Star.Wars..Episode.V...The.Empire.Strikes.Back","Human.Planet","Se7en","Gravity"
"1334","Breaking.Bad","Planet.Earth","Sherlock","The.Shawshank.Redemption","Human.Planet"
"1336","Breaking.Bad","Planet.Earth","Sherlock","The.Shawshank.Redemption","Human.Planet"
"1361","Pulp.Fiction","One.Flew.Over.the.Cuckoo.s.Nest","The.Good..the.Bad.and.the.Ugly","Valley.Uprising","Gravity"
"1376","X12.Angry.Men","The.Matrix","Star.Wars","Once.Upon.a.Time.in.the.West","The.Lord.of.the.Rings..The.Fellowship.of.the.Ring"
"1381","Breaking.Bad","Planet.Earth","Sherlock","The.Shawshank.Redemption","Human.Planet"
"1444","Breaking.Bad","Planet.Earth","Sherlock","The.Shawshank.Redemption","Human.Planet"
"1478","Breaking.Bad","Planet.Earth","Sherlock","The.Shawshank.Redemption","Human.Planet"
"1479","Breaking.Bad","Planet.Earth","Sherlock","The.Shawshank.Redemption","Human.Planet"
"1487","It.s.a.Wonderful.Life","The.Matrix","Tell.It.on.the.Mountain","The.Good..the.Bad.and.the.Ugly","Planet.Earth"
"1501","Breaking.Bad","Planet.Earth","Sherlock","The.Shawshank.Redemption","Human.Planet"
"1509","The.Lego.Movie","The.Decalogue","Boyhood","The.Godfather..Part.II","Human.Planet"
"1521","Casablanca","Boyhood","Seven.Samurai","Interstellar","City.of.God"
"1530","Breaking.Bad","Planet.Earth","Sherlock","The.Shawshank.Redemption","Human.Planet"
"1536","Valley.Uprising","One.Flew.Over.the.Cuckoo.s.Nest","The.Good..the.Bad.and.the.Ugly","Gravity","Interstellar"
"1545","Breaking.Bad","Planet.Earth","Sherlock","The.Shawshank.Redemption","Human.Planet"
"1549","The.Dark.Knight","Life","House.of.Cards","The.Decalogue","The.Godfather..Part.II"
"1566","Breaking.Bad","Planet.Earth","Sherlock","The.Shawshank.Redemption","Human.Planet"
"1586","Tell.It.on.the.Mountain","One.Flew.Over.the.Cuckoo.s.Nest","The.Good..the.Bad.and.the.Ugly","Interstellar","The.Lord.of.the.Rings..The.Return.of.the.King"
"1589","Boyhood","Fight.Club","Sherlock","The.Godfather..Part.II","Breaking.Bad"
"1601","Schindler.s.List","The.Shawshank.Redemption","Seven.Samurai","The.Godfather","Casablanca"
"1606","The.Lego.Movie","Gravity","The.Good..the.Bad.and.the.Ugly","Sherlock","Star.Wars..Episode.V...The.Empire.Strikes.Back"
"1611","The.Dark.Knight","X12.Angry.Men","The.Godfather..Part.II","Fight.Club","Once.Upon.a.Time.in.the.West"
"1624","Star.Wars..Episode.V...The.Empire.Strikes.Back","The.Shawshank.Redemption","Forrest.Gump","Se7en","Seven.Samurai"
"1627","It.s.a.Wonderful.Life","Planet.Earth","Pulp.Fiction","Valley.Uprising","Human.Planet"
"1646","Breaking.Bad","Planet.Earth","Sherlock","The.Shawshank.Redemption","Human.Planet"
"1656","The.Decalogue","The.Lord.of.the.Rings..The.Two.Towers","Sherlock","The.Dark.Knight","Goodfellas"
"1661","The.Matrix","X12.Angry.Men","Once.Upon.a.Time.in.the.West","The.Good..the.Bad.and.the.Ugly","It.s.a.Wonderful.Life"
"1680","House.of.Cards","Goodfellas","Gravity","Star.Wars","Se7en"
"1681","Casablanca","Boyhood","Seven.Samurai","The.Shawshank.Redemption","Valley.Uprising"
"1688","The.Dark.Knight","Life","House.of.Cards","The.Decalogue","The.Godfather..Part.II"
"1695","Breaking.Bad","Planet.Earth","Sherlock","The.Shawshank.Redemption","Human.Planet"
"1718","The.Godfather","Se7en","The.Shawshank.Redemption","Star.Wars..Episode.V...The.Empire.Strikes.Back","Forrest.Gump"
"1727","Breaking.Bad","Planet.Earth","Sherlock","The.Shawshank.Redemption","Human.Planet"
"1728","Planet.Earth","Human.Planet","Fight.Club","The.Lord.of.the.Rings..The.Two.Towers","The.Decalogue"
"1732","The.Lego.Movie","Human.Planet","Fight.Club","Planet.Earth","The.Lord.of.the.Rings..The.Two.Towers"
"1758","The.Decalogue","It.s.a.Wonderful.Life","The.Lord.of.the.Rings..The.Two.Towers","Interstellar","Tell.It.on.the.Mountain"
"1767","The.Decalogue","The.Lord.of.the.Rings..The.Two.Towers","The.Godfather","Se7en","The.Shawshank.Redemption"
"1796","The.Lord.of.the.Rings..The.Fellowship.of.the.Ring","The.Matrix","Seven.Samurai","X12.Angry.Men","Inception"
"1806","Breaking.Bad","Planet.Earth","Sherlock","The.Shawshank.Redemption","Human.Planet"
"1807","Once.Upon.a.Time.in.the.West","The.Blue.Planet","Star.Wars","Seven.Samurai","Star.Wars..Episode.V...The.Empire.Strikes.Back"
"1811","Sherlock","Planet.Earth","Breaking.Bad","Fight.Club","House.of.Cards"
"1830","The.Lord.of.the.Rings..The.Two.Towers","Se7en","Seven.Samurai","Star.Wars..Episode.V...The.Empire.Strikes.Back","City.of.God"
"1849","Seven.Samurai","Once.Upon.a.Time.in.the.West","The.Matrix","Inception","Valley.Uprising"
"1856","The.Dark.Knight","Life","House.of.Cards","The.Decalogue","The.Godfather..Part.II"
"1900","Breaking.Bad","Planet.Earth","Sherlock","The.Shawshank.Redemption","Human.Planet"
"1934","The.Matrix","The.Lord.of.the.Rings..The.Fellowship.of.the.Ring","The.Blue.Planet","The.Good..the.Bad.and.the.Ugly","Inception"
"1941","Casablanca","Boyhood","Human.Planet","Se7en","Gravity"
"1943","Seven.Samurai","Once.Upon.a.Time.in.the.West","The.Lord.of.the.Rings..The.Fellowship.of.the.Ring","Star.Wars..Episode.V...The.Empire.Strikes.Back","Valley.Uprising"
"2015","Schindler.s.List","Casablanca","Forrest.Gump","Seven.Samurai","Planet.Earth"
"2019","Sherlock","The.Lord.of.the.Rings..The.Two.Towers","The.Decalogue","The.Lord.of.the.Rings..The.Return.of.the.King","The.Good..the.Bad.and.the.Ugly"
"2030","Breaking.Bad","Planet.Earth","Sherlock","The.Shawshank.Redemption","Human.Planet"
"2044","Breaking.Bad","Planet.Earth","Sherlock","The.Shawshank.Redemption","Human.Planet"
"2067","Fight.Club","Boyhood","Sherlock","The.Decalogue","The.Dark.Knight"
"2079","Breaking.Bad","Planet.Earth","Sherlock","The.Shawshank.Redemption","Human.Planet"
"2091","It.s.a.Wonderful.Life","The.Matrix","Tell.It.on.the.Mountain","The.Good..the.Bad.and.the.Ugly","Planet.Earth"
"2099","The.Lego.Movie","The.Lord.of.the.Rings..The.Return.of.the.King","Once.Upon.a.Time.in.the.West","The.Blue.Planet","The.Lord.of.the.Rings..The.Two.Towers"
"2102","Once.Upon.a.Time.in.the.West","The.Blue.Planet","Tell.It.on.the.Mountain","The.Lord.of.the.Rings..The.Fellowship.of.the.Ring","It.s.a.Wonderful.Life"
"2150","Breaking.Bad","House.of.Cards","Once.Upon.a.Time.in.the.West","Human.Planet","The.Dark.Knight"
"2162","Pulp.Fiction","Tell.It.on.the.Mountain","One.Flew.Over.the.Cuckoo.s.Nest","The.Good..the.Bad.and.the.Ugly","Valley.Uprising"
"2172","The.Decalogue","The.Dark.Knight","Human.Planet","Pulp.Fiction","House.of.Cards"
"2174","Planet.Earth","Valley.Uprising","It.s.a.Wonderful.Life","Interstellar","Tell.It.on.the.Mountain"
"2182","Boyhood","Fight.Club","Sherlock","The.Godfather..Part.II","Breaking.Bad"
"2186","Breaking.Bad","Planet.Earth","Sherlock","The.Shawshank.Redemption","Human.Planet"
"2195","Casablanca","Star.Wars..Episode.V...The.Empire.Strikes.Back","Human.Planet","Se7en","Gravity"
"2201","Breaking.Bad","Planet.Earth","Sherlock","The.Shawshank.Redemption","Human.Planet"
"2236","Breaking.Bad","Planet.Earth","Sherlock","The.Shawshank.Redemption","Human.Planet"
"2245","It.s.a.Wonderful.Life","The.Matrix","Tell.It.on.the.Mountain","The.Good..the.Bad.and.the.Ugly","Planet.Earth"
"2266","It.s.a.Wonderful.Life","The.Matrix","Tell.It.on.the.Mountain","The.Good..the.Bad.and.the.Ugly","Planet.Earth"
"2269","Breaking.Bad","Planet.Earth","Sherlock","The.Shawshank.Redemption","Human.Planet"
"2273","Breaking.Bad","Planet.Earth","Sherlock","The.Shawshank.Redemption","Human.Planet"
"2291","Planet.Earth","Human.Planet","The.Matrix","Fight.Club","The.Lord.of.the.Rings..The.Fellowship.of.the.Ring"
"2304","The.Decalogue","The.Lord.of.the.Rings..The.Two.Towers","Breaking.Bad","The.Lord.of.the.Rings..The.Fellowship.of.the.Ring","The.Matrix"
"2320","Se7en","The.Shawshank.Redemption","Boyhood","Schindler.s.List","Star.Wars..Episode.V...The.Empire.Strikes.Back"
"2360","Forrest.Gump","The.Godfather","Seven.Samurai","Star.Wars..Episode.V...The.Empire.Strikes.Back","Valley.Uprising"
"2363","Breaking.Bad","Planet.Earth","Sherlock","The.Shawshank.Redemption","Human.Planet"
"2373","The.Lego.Movie","Casablanca","Gravity","Interstellar","Forrest.Gump"
"2379","The.Decalogue","The.Lord.of.the.Rings..The.Two.Towers","Gravity","The.Lord.of.the.Rings..The.Fellowship.of.the.Ring","Sherlock"
"2389","Casablanca","Human.Planet","Forrest.Gump","The.Lord.of.the.Rings..The.Return.of.the.King","Gravity"
"2410","Forrest.Gump","Se7en","Star.Wars..Episode.V...The.Empire.Strikes.Back","The.Lord.of.the.Rings..The.Fellowship.of.the.Ring","The.Shawshank.Redemption"
"2425","The.Dark.Knight","Life","House.of.Cards","The.Decalogue","The.Godfather..Part.II"
"2465","Breaking.Bad","Planet.Earth","Sherlock","The.Shawshank.Redemption","Human.Planet"
"2494","Planet.Earth","Human.Planet","Fight.Club","The.Lord.of.the.Rings..The.Two.Towers","The.Decalogue"
"2516","The.Lord.of.the.Rings..The.Fellowship.of.the.Ring","The.Matrix","Inception","Breaking.Bad","The.Blue.Planet"
"2579","Breaking.Bad","Planet.Earth","Sherlock","The.Shawshank.Redemption","Human.Planet"
"2630","The.Godfather","Casablanca","City.of.God","The.Lord.of.the.Rings..The.Return.of.the.King","Pulp.Fiction"
"2652","House.of.Cards","Goodfellas","Gravity","Star.Wars","Se7en"
"2654","Breaking.Bad","Planet.Earth","Sherlock","The.Shawshank.Redemption","Human.Planet"
"2657","The.Lord.of.the.Rings..The.Fellowship.of.the.Ring","The.Matrix","Boyhood","Schindler.s.List","Inception"
"2697","The.Lego.Movie","Human.Planet","Fight.Club","Planet.Earth","The.Lord.of.the.Rings..The.Two.Towers"
"2701","Breaking.Bad","Planet.Earth","Sherlock","The.Shawshank.Redemption","Human.Planet"
"2710","It.s.a.Wonderful.Life","The.Matrix","Tell.It.on.the.Mountain","The.Good..the.Bad.and.the.Ugly","Planet.Earth"
"2761","Breaking.Bad","Planet.Earth","Sherlock","The.Shawshank.Redemption","Human.Planet"
"2773","Breaking.Bad","Planet.Earth","Sherlock","The.Shawshank.Redemption","Human.Planet"
"2784","The.Matrix","Once.Upon.a.Time.in.the.West","The.Blue.Planet","The.Good..the.Bad.and.the.Ugly","The.Lord.of.the.Rings..The.Return.of.the.King"
"2790","Inception","The.Lord.of.the.Rings..The.Fellowship.of.the.Ring","The.Matrix","The.Dark.Knight","The.Blue.Planet"
"2843","Boyhood","Fight.Club","Casablanca","Sherlock","The.Godfather..Part.II"
"2864","It.s.a.Wonderful.Life","Pulp.Fiction","One.Flew.Over.the.Cuckoo.s.Nest","The.Good..the.Bad.and.the.Ugly","Gravity"
"2902","Breaking.Bad","Planet.Earth","Sherlock","The.Shawshank.Redemption","Human.Planet"
"2912","Sherlock","X12.Angry.Men","The.Decalogue","The.Godfather..Part.II","Breaking.Bad"
"2936","The.Godfather..Part.II","Fight.Club","Breaking.Bad","Life","House.of.Cards"
"2948","Seven.Samurai","The.Lord.of.the.Rings..The.Fellowship.of.the.Ring","Star.Wars..Episode.V...The.Empire.Strikes.Back","Valley.Uprising","The.Shawshank.Redemption"
"2955","Breaking.Bad","Planet.Earth","Sherlock","The.Shawshank.Redemption","Human.Planet"
"2958","Life","The.Shawshank.Redemption","The.Dark.Knight","Goodfellas","The.Good..the.Bad.and.the.Ugly"
"2963","Casablanca","Forrest.Gump","City.of.God","Valley.Uprising","The.Godfather..Part.II"
"2966","The.Lord.of.the.Rings..The.Two.Towers","Se7en","Seven.Samurai","Star.Wars..Episode.V...The.Empire.Strikes.Back","City.of.God"
"2969","The.Good..the.Bad.and.the.Ugly","Gravity","One.Flew.Over.the.Cuckoo.s.Nest","It.s.a.Wonderful.Life","Pulp.Fiction"
"3027","Breaking.Bad","Planet.Earth","Sherlock","The.Shawshank.Redemption","Human.Planet"
"3050","Breaking.Bad","Planet.Earth","Sherlock","The.Shawshank.Redemption","Human.Planet"
"3054","The.Good..the.Bad.and.the.Ugly","The.Shawshank.Redemption","Pulp.Fiction","It.s.a.Wonderful.Life","The.Lord.of.the.Rings..The.Return.of.the.King"
"3055","Gravity","Casablanca","Valley.Uprising","It.s.a.Wonderful.Life","Star.Wars..Episode.V...The.Empire.Strikes.Back"
"3058","Breaking.Bad","Planet.Earth","Sherlock","The.Shawshank.Redemption","Human.Planet"
"3060","Planet.Earth","Valley.Uprising","It.s.a.Wonderful.Life","Interstellar","Tell.It.on.the.Mountain"
"3062","Seven.Samurai","The.Lord.of.the.Rings..The.Fellowship.of.the.Ring","Star.Wars..Episode.V...The.Empire.Strikes.Back","Valley.Uprising","The.Shawshank.Redemption"
"3066","Seven.Samurai","The.Godfather","Casablanca","Forrest.Gump","Star.Wars..Episode.V...The.Empire.Strikes.Back"
"3076","X12.Angry.Men","The.Matrix","The.Blue.Planet","The.Lord.of.the.Rings..The.Return.of.the.King","Inception"
"3083","It.s.a.Wonderful.Life","The.Matrix","Tell.It.on.the.Mountain","The.Good..the.Bad.and.the.Ugly","Planet.Earth"
"3123","Breaking.Bad","Planet.Earth","Sherlock","The.Shawshank.Redemption","Human.Planet"
"3153","The.Decalogue","The.Dark.Knight","House.of.Cards","The.Lord.of.the.Rings..The.Two.Towers","The.Shawshank.Redemption"
"3156","It.s.a.Wonderful.Life","Valley.Uprising","One.Flew.Over.the.Cuckoo.s.Nest","Gravity","The.Good..the.Bad.and.the.Ugly"
"3164","Casablanca","Star.Wars..Episode.V...The.Empire.Strikes.Back","Human.Planet","Se7en","Gravity"
"3180","Breaking.Bad","Planet.Earth","Sherlock","The.Shawshank.Redemption","Human.Planet"
"3201","X12.Angry.Men","Once.Upon.a.Time.in.the.West","The.Matrix","Star.Wars","Valley.Uprising"
"3205","It.s.a.Wonderful.Life","Tell.It.on.the.Mountain","Pulp.Fiction","Planet.Earth","The.Shawshank.Redemption"
"3255","Breaking.Bad","Planet.Earth","Sherlock","The.Shawshank.Redemption","Human.Planet"
"3265","The.Lord.of.the.Rings..The.Two.Towers","The.Godfather..Part.II","The.Dark.Knight","The.Lego.Movie","Goodfellas"
"3268","House.of.Cards","The.Dark.Knight","Star.Wars","The.Decalogue","Gravity"
"3281","Planet.Earth","Human.Planet","Fight.Club","The.Lord.of.the.Rings..The.Two.Towers","The.Decalogue"
"3322","Boyhood","Fight.Club","Sherlock","The.Godfather..Part.II","Breaking.Bad"
"3347","Life","The.Dark.Knight","The.Matrix","Inception","Star.Wars"
"3351","The.Godfather","The.Lord.of.the.Rings..The.Return.of.the.King","The.Good..the.Bad.and.the.Ugly","The.Shawshank.Redemption","Pulp.Fiction"
"3360","Human.Planet","Fight.Club","Gravity","Star.Wars..Episode.V...The.Empire.Strikes.Back","The.Lord.of.the.Rings..The.Two.Towers"
"3362","The.Lord.of.the.Rings..The.Fellowship.of.the.Ring","One.Flew.Over.the.Cuckoo.s.Nest","The.Blue.Planet","Inception","The.Lord.of.the.Rings..The.Return.of.the.King"
"3376","Breaking.Bad","Planet.Earth","Sherlock","The.Shawshank.Redemption","Human.Planet"
"3377","The.Matrix","Seven.Samurai","Inception","The.Blue.Planet","X12.Angry.Men"
"3380","Once.Upon.a.Time.in.the.West","The.Blue.Planet","The.Lord.of.the.Rings..The.Return.of.the.King","Inception","One.Flew.Over.the.Cuckoo.s.Nest"
"3385","The.Lord.of.the.Rings..The.Fellowship.of.the.Ring","Once.Upon.a.Time.in.the.West","The.Lego.Movie","X12.Angry.Men","Star.Wars"
"3392","Once.Upon.a.Time.in.the.West","The.Matrix","The.Lord.of.the.Rings..The.Return.of.the.King","X12.Angry.Men","Inception"
"3409","Breaking.Bad","Planet.Earth","Sherlock","The.Shawshank.Redemption","Human.Planet"
"3468","Seven.Samurai","Once.Upon.a.Time.in.the.West","The.Shawshank.Redemption","The.Matrix","The.Good..the.Bad.and.the.Ugly"
"3482","The.Shawshank.Redemption","Star.Wars..Episode.V...The.Empire.Strikes.Back","Seven.Samurai","The.Lord.of.the.Rings..The.Fellowship.of.the.Ring","Pulp.Fiction"
"3506","Breaking.Bad","Planet.Earth","Sherlock","The.Shawshank.Redemption","Human.Planet"
"3508","The.Lord.of.the.Rings..The.Fellowship.of.the.Ring","The.Matrix","Inception","Breaking.Bad","The.Blue.Planet"
"3519","It.s.a.Wonderful.Life","Valley.Uprising","One.Flew.Over.the.Cuckoo.s.Nest","Gravity","The.Good..the.Bad.and.the.Ugly"
"3547","Tell.It.on.the.Mountain","Pulp.Fiction","Valley.Uprising","Se7en","Interstellar"
"3552","Once.Upon.a.Time.in.the.West","The.Lord.of.the.Rings..The.Fellowship.of.the.Ring","Seven.Samurai","The.Blue.Planet","Inception"
"3553","Sherlock","Boyhood","Fight.Club","Interstellar","The.Godfather..Part.II"
"3557","Once.Upon.a.Time.in.the.West","The.Matrix","The.Lord.of.the.Rings..The.Return.of.the.King","X12.Angry.Men","Inception"
"3574","Seven.Samurai","Once.Upon.a.Time.in.the.West","The.Matrix","Inception","Valley.Uprising"
"3598","The.Blue.Planet","The.Dark.Knight","Once.Upon.a.Time.in.the.West","The.Matrix","Inception"
"3605","It.s.a.Wonderful.Life","Interstellar","Tell.It.on.the.Mountain","Valley.Uprising","Human.Planet"
"3634","Breaking.Bad","Planet.Earth","Sherlock","The.Shawshank.Redemption","Human.Planet"
"3638","The.Good..the.Bad.and.the.Ugly","Gravity","Human.Planet","Star.Wars..Episode.V...The.Empire.Strikes.Back","The.Shawshank.Redemption"
"3663","Breaking.Bad","Planet.Earth","Sherlock","The.Shawshank.Redemption","Human.Planet"
"3688","Fight.Club","Boyhood","Sherlock","The.Decalogue","The.Dark.Knight"
"3693","Boyhood","Fight.Club","Sherlock","The.Godfather..Part.II","Breaking.Bad"
"3706","The.Good..the.Bad.and.the.Ugly","The.Shawshank.Redemption","Pulp.Fiction","It.s.a.Wonderful.Life","The.Lord.of.the.Rings..The.Return.of.the.King"
"3720","Fight.Club","The.Godfather..Part.II","The.Dark.Knight","Goodfellas","The.Lego.Movie"
"3723","Once.Upon.a.Time.in.the.West","The.Matrix","Life","Sherlock","House.of.Cards"
"3729","Once.Upon.a.Time.in.the.West","One.Flew.Over.the.Cuckoo.s.Nest","The.Lord.of.the.Rings..The.Fellowship.of.the.Ring","The.Blue.Planet","Gravity"
"3740","Boyhood","Fight.Club","Sherlock","The.Godfather..Part.II","Breaking.Bad"
"3757","The.Lego.Movie","X12.Angry.Men","Human.Planet","The.Matrix","The.Lord.of.the.Rings..The.Fellowship.of.the.Ring"
"3765","Breaking.Bad","Planet.Earth","Sherlock","The.Shawshank.Redemption","Human.Planet"
"3799","Breaking.Bad","Planet.Earth","Sherlock","The.Shawshank.Redemption","Human.Planet"
"3882","The.Shawshank.Redemption","Star.Wars..Episode.V...The.Empire.Strikes.Back","Seven.Samurai","The.Lord.of.the.Rings..The.Fellowship.of.the.Ring","Pulp.Fiction"
"3891","House.of.Cards","X12.Angry.Men","The.Dark.Knight","Once.Upon.a.Time.in.the.West","The.Blue.Planet"
"3903","The.Decalogue","The.Lord.of.the.Rings..The.Two.Towers","Sherlock","The.Lego.Movie","The.Godfather..Part.II"
"3945","Once.Upon.a.Time.in.the.West","The.Matrix","The.Lord.of.the.Rings..The.Return.of.the.King","X12.Angry.Men","Inception"
"3958","Breaking.Bad","Planet.Earth","Sherlock","The.Shawshank.Redemption","Human.Planet"
"3963","Breaking.Bad","Planet.Earth","Sherlock","The.Shawshank.Redemption","Human.Planet"
"3966","Breaking.Bad","Planet.Earth","Sherlock","The.Shawshank.Redemption","Human.Planet"
"3990","The.Lego.Movie","Gravity","The.Good..the.Bad.and.the.Ugly","Sherlock","Star.Wars..Episode.V...The.Empire.Strikes.Back"
"3998","Breaking.Bad","Planet.Earth","Sherlock","The.Shawshank.Redemption","Human.Planet"
"4013","Breaking.Bad","Planet.Earth","Sherlock","The.Shawshank.Redemption","Human.Planet"
"4036","Once.Upon.a.Time.in.the.West","X12.Angry.Men","Star.Wars","The.Lord.of.the.Rings..The.Return.of.the.King","One.Flew.Over.the.Cuckoo.s.Nest"
"4052","The.Good..the.Bad.and.the.Ugly","The.Shawshank.Redemption","Pulp.Fiction","It.s.a.Wonderful.Life","The.Lord.of.the.Rings..The.Return.of.the.King"
"4066","The.Decalogue","The.Dark.Knight","House.of.Cards","The.Lord.of.the.Rings..The.Two.Towers","The.Shawshank.Redemption"
"4090","Star.Wars","The.Lord.of.the.Rings..The.Fellowship.of.the.Ring","Seven.Samurai","Once.Upon.a.Time.in.the.West","The.Matrix"
"4096","The.Lord.of.the.Rings..The.Fellowship.of.the.Ring","Star.Wars..Episode.V...The.Empire.Strikes.Back","Inception","Seven.Samurai","The.Matrix"
"4101","Pulp.Fiction","One.Flew.Over.the.Cuckoo.s.Nest","Valley.Uprising","Gravity","Planet.Earth"
"4136","The.Shawshank.Redemption","Boyhood","The.Lord.of.the.Rings..The.Fellowship.of.the.Ring","Forrest.Gump","Star.Wars..Episode.V...The.Empire.Strikes.Back"
"4176","The.Lego.Movie","Human.Planet","Fight.Club","Planet.Earth","The.Lord.of.the.Rings..The.Two.Towers"
"4187","Once.Upon.a.Time.in.the.West","The.Lego.Movie","The.Matrix","The.Blue.Planet","Human.Planet"
"4188","The.Lord.of.the.Rings..The.Two.Towers","The.Decalogue","Planet.Earth","Human.Planet","The.Godfather..Part.II"
"4216","The.Lord.of.the.Rings..The.Fellowship.of.the.Ring","The.Matrix","Inception","Breaking.Bad","The.Blue.Planet"
"4220","Sherlock","Gravity","The.Godfather","The.Good..the.Bad.and.the.Ugly","Casablanca"
"4240","Casablanca","Forrest.Gump","City.of.God","Valley.Uprising","The.Godfather..Part.II"
"4244","Breaking.Bad","Planet.Earth","Sherlock","The.Shawshank.Redemption","Human.Planet"
"4250","Goodfellas","Inception","Seven.Samurai","Star.Wars","X12.Angry.Men"
"4261","Breaking.Bad","Planet.Earth","Sherlock","The.Shawshank.Redemption","Human.Planet"
"4268","Breaking.Bad","Planet.Earth","Sherlock","The.Shawshank.Redemption","Human.Planet"
"4318","The.Lord.of.the.Rings..The.Fellowship.of.the.Ring","Forrest.Gump","The.Shawshank.Redemption","Boyhood","Once.Upon.a.Time.in.the.West"
"4325","The.Decalogue","Life","The.Godfather..Part.II","House.of.Cards","Inception"
"4339","Breaking.Bad","Planet.Earth","Sherlock","The.Shawshank.Redemption","Human.Planet"
"4370","Breaking.Bad","Planet.Earth","Sherlock","The.Shawshank.Redemption","Human.Planet"
"4374","Fight.Club","The.Dark.Knight","Goodfellas","The.Lord.of.the.Rings..The.Two.Towers","House.of.Cards"
"4402","Sherlock","Fight.Club","Boyhood","Breaking.Bad","Planet.Earth"
"4411","Breaking.Bad","Planet.Earth","Sherlock","The.Shawshank.Redemption","Human.Planet"
"4418","The.Decalogue","The.Lord.of.the.Rings..The.Two.Towers","Sherlock","The.Lego.Movie","The.Godfather..Part.II"
"4427","Breaking.Bad","Planet.Earth","Sherlock","The.Shawshank.Redemption","Human.Planet"
"4442","Breaking.Bad","Planet.Earth","Sherlock","The.Shawshank.Redemption","Human.Planet"
"4455","Fight.Club","The.Dark.Knight","Goodfellas","The.Lord.of.the.Rings..The.Two.Towers","House.of.Cards"
"4478","Breaking.Bad","Planet.Earth","Sherlock","The.Shawshank.Redemption","Human.Planet"
"4495","House.of.Cards","Goodfellas","Gravity","Star.Wars","Se7en"
"4514","The.Matrix","It.s.a.Wonderful.Life","The.Blue.Planet","Tell.It.on.the.Mountain","The.Lord.of.the.Rings..The.Fellowship.of.the.Ring"
"4527","Breaking.Bad","Planet.Earth","Sherlock","The.Shawshank.Redemption","Human.Planet"
"4530","Breaking.Bad","Planet.Earth","Sherlock","The.Shawshank.Redemption","Human.Planet"
"4554","The.Decalogue","The.Dark.Knight","House.of.Cards","The.Lord.of.the.Rings..The.Two.Towers","The.Shawshank.Redemption"
"4557","Breaking.Bad","Planet.Earth","Sherlock","The.Shawshank.Redemption","Human.Planet"
"4599","Se7en","Interstellar","Casablanca","Star.Wars..Episode.V...The.Empire.Strikes.Back","Valley.Uprising"
"4606","Pulp.Fiction","Tell.It.on.the.Mountain","The.Good..the.Bad.and.the.Ugly","The.Matrix","Valley.Uprising"
"4612","Breaking.Bad","Planet.Earth","Sherlock","The.Shawshank.Redemption","Human.Planet"
"4618","Casablanca","X12.Angry.Men","Boyhood","Human.Planet","Se7en"
"4625","Breaking.Bad","Planet.Earth","Sherlock","The.Shawshank.Redemption","Human.Planet"
"4632","The.Good..the.Bad.and.the.Ugly","The.Shawshank.Redemption","Pulp.Fiction","It.s.a.Wonderful.Life","The.Lord.of.the.Rings..The.Return.of.the.King"
"4658","The.Dark.Knight","Life","House.of.Cards","The.Godfather","Se7en"
"4694","The.Dark.Knight","The.Godfather..Part.II","The.Lord.of.the.Rings..The.Two.Towers","Life","The.Lego.Movie"
"4709","Once.Upon.a.Time.in.the.West","One.Flew.Over.the.Cuckoo.s.Nest","The.Lord.of.the.Rings..The.Fellowship.of.the.Ring","The.Blue.Planet","Gravity"
"4730","Breaking.Bad","Planet.Earth","Sherlock","The.Shawshank.Redemption","Human.Planet"
"4789","The.Lego.Movie","Human.Planet","X12.Angry.Men","Star.Wars","The.Matrix"
"4796","Breaking.Bad","Planet.Earth","Sherlock","The.Shawshank.Redemption","Human.Planet"
"4797","Human.Planet","Star.Wars..Episode.V...The.Empire.Strikes.Back","Se7en","The.Lego.Movie","The.Shawshank.Redemption"
"4802","Human.Planet","Pulp.Fiction","The.Godfather","Se7en","The.Good..the.Bad.and.the.Ugly"
"4836","Gravity","Human.Planet","It.s.a.Wonderful.Life","Casablanca","Valley.Uprising"
"4838","The.Dark.Knight","Inception","The.Lego.Movie","The.Lord.of.the.Rings..The.Two.Towers","Schindler.s.List"
"4846","The.Dark.Knight","Life","House.of.Cards","The.Decalogue","The.Godfather..Part.II"
"4862","The.Matrix","The.Lord.of.the.Rings..The.Return.of.the.King","Inception","The.Blue.Planet","Breaking.Bad"
"4884","Se7en","Star.Wars..Episode.V...The.Empire.Strikes.Back","Human.Planet","The.Shawshank.Redemption","Forrest.Gump"
"4926","The.Lego.Movie","Human.Planet","Fight.Club","Planet.Earth","The.Lord.of.the.Rings..The.Two.Towers"
"4930","Boyhood","Fight.Club","Sherlock","The.Godfather..Part.II","Breaking.Bad"
"4963","Boyhood","Fight.Club","Sherlock","The.Godfather..Part.II","Breaking.Bad"
"4974","Pulp.Fiction","One.Flew.Over.the.Cuckoo.s.Nest","The.Good..the.Bad.and.the.Ugly","Inception","The.Lord.of.the.Rings..The.Fellowship.of.the.Ring"
"4977","The.Lord.of.the.Rings..The.Fellowship.of.the.Ring","House.of.Cards","Gravity","The.Blue.Planet","Inception"
"4997","Breaking.Bad","Planet.Earth","Sherlock","The.Shawshank.Redemption","Human.Planet"
"5018","Breaking.Bad","Planet.Earth","Sherlock","The.Shawshank.Redemption","Human.Planet"
"5031","Breaking.Bad","Planet.Earth","Sherlock","The.Shawshank.Redemption","Human.Planet"
"5059","The.Matrix","The.Lord.of.the.Rings..The.Return.of.the.King","Inception","The.Blue.Planet","Breaking.Bad"
"5069","The.Lord.of.the.Rings..The.Fellowship.of.the.Ring","Forrest.Gump","The.Shawshank.Redemption","Boyhood","Once.Upon.a.Time.in.the.West"
"5075","Boyhood","Seven.Samurai","Fight.Club","The.Lord.of.the.Rings..The.Fellowship.of.the.Ring","Star.Wars..Episode.V...The.Empire.Strikes.Back"
"5077","Inception","The.Lord.of.the.Rings..The.Fellowship.of.the.Ring","One.Flew.Over.the.Cuckoo.s.Nest","Star.Wars","Goodfellas"
"5089","Casablanca","Star.Wars..Episode.V...The.Empire.Strikes.Back","Human.Planet","Se7en","Gravity"
"5100","It.s.a.Wonderful.Life","Tell.It.on.the.Mountain","The.Good..the.Bad.and.the.Ugly","Human.Planet","Gravity"
"5155","The.Lego.Movie","Planet.Earth","The.Lord.of.the.Rings..The.Two.Towers","Interstellar","The.Godfather..Part.II"
"5200","Star.Wars","The.Blue.Planet","The.Good..the.Bad.and.the.Ugly","The.Shawshank.Redemption","The.Lord.of.the.Rings..The.Fellowship.of.the.Ring"
"5216","Breaking.Bad","Planet.Earth","Sherlock","The.Shawshank.Redemption","Human.Planet"
"5227","Breaking.Bad","Planet.Earth","Sherlock","The.Shawshank.Redemption","Human.Planet"
"5246","The.Lord.of.the.Rings..The.Fellowship.of.the.Ring","Once.Upon.a.Time.in.the.West","House.of.Cards","The.Matrix","Life"
"5257","Schindler.s.List","Forrest.Gump","Casablanca","Boyhood","The.Lord.of.the.Rings..The.Fellowship.of.the.Ring"
"5262","The.Lord.of.the.Rings..The.Fellowship.of.the.Ring","One.Flew.Over.the.Cuckoo.s.Nest","The.Blue.Planet","Inception","The.Lord.of.the.Rings..The.Return.of.the.King"
"5268","Casablanca","Boyhood","Breaking.Bad","Seven.Samurai","Interstellar"
"5279","The.Lego.Movie","X12.Angry.Men","Fight.Club","Human.Planet","The.Lord.of.the.Rings..The.Two.Towers"
"5302","Gravity","Interstellar","Planet.Earth","Human.Planet","The.Lord.of.the.Rings..The.Return.of.the.King"
"5306","Pulp.Fiction","Tell.It.on.the.Mountain","The.Good..the.Bad.and.the.Ugly","The.Matrix","Valley.Uprising"
"5309","It.s.a.Wonderful.Life","Pulp.Fiction","One.Flew.Over.the.Cuckoo.s.Nest","The.Good..the.Bad.and.the.Ugly","Gravity"
"5312","The.Lord.of.the.Rings..The.Return.of.the.King","Boyhood","Se7en","Forrest.Gump","City.of.God"
"5331","Breaking.Bad","Planet.Earth","Sherlock","The.Shawshank.Redemption","Human.Planet"
"5495","Casablanca","The.Lord.of.the.Rings..The.Return.of.the.King","Human.Planet","Inception","Interstellar"
"5508","The.Blue.Planet","The.Lord.of.the.Rings..The.Return.of.the.King","Inception","One.Flew.Over.the.Cuckoo.s.Nest","X12.Angry.Men"
"5544","Breaking.Bad","Planet.Earth","Sherlock","The.Shawshank.Redemption","Human.Planet"
"5561","Life","The.Blue.Planet","Goodfellas","Once.Upon.a.Time.in.the.West","The.Lord.of.the.Rings..The.Fellowship.of.the.Ring"
"5574","Breaking.Bad","Planet.Earth","Sherlock","The.Shawshank.Redemption","Human.Planet"
"5590","The.Matrix","Inception","The.Blue.Planet","The.Shawshank.Redemption","The.Good..the.Bad.and.the.Ugly"
"5592","Breaking.Bad","Planet.Earth","Sherlock","The.Shawshank.Redemption","Human.Planet"
"5628","The.Lego.Movie","The.Decalogue","Boyhood","The.Blue.Planet","X12.Angry.Men"
"5637","Breaking.Bad","The.Matrix","The.Decalogue","The.Lord.of.the.Rings..The.Return.of.the.King","Boyhood"
"5640","The.Lego.Movie","Human.Planet","Fight.Club","Planet.Earth","The.Lord.of.the.Rings..The.Two.Towers"
"5645","The.Lego.Movie","Human.Planet","Fight.Club","Planet.Earth","The.Lord.of.the.Rings..The.Two.Towers"
"5652","Breaking.Bad","Planet.Earth","Sherlock","The.Shawshank.Redemption","Human.Planet"
"5654","City.of.God","Casablanca","Seven.Samurai","Se7en","Star.Wars..Episode.V...The.Empire.Strikes.Back"
"5659","Casablanca","Star.Wars..Episode.V...The.Empire.Strikes.Back","Human.Planet","Se7en","Gravity"
"5660","X12.Angry.Men","Inception","One.Flew.Over.the.Cuckoo.s.Nest","Star.Wars","Breaking.Bad"
"5672","The.Lego.Movie","Gravity","The.Good..the.Bad.and.the.Ugly","Sherlock","Star.Wars..Episode.V...The.Empire.Strikes.Back"
"5679","The.Lord.of.the.Rings..The.Two.Towers","Sherlock","The.Lord.of.the.Rings..The.Fellowship.of.the.Ring","Once.Upon.a.Time.in.the.West","The.Decalogue"
"5695","Star.Wars..Episode.V...The.Empire.Strikes.Back","The.Shawshank.Redemption","Tell.It.on.the.Mountain","Casablanca","Human.Planet"
"5699","Seven.Samurai","The.Lord.of.the.Rings..The.Fellowship.of.the.Ring","Star.Wars..Episode.V...The.Empire.Strikes.Back","Valley.Uprising","The.Shawshank.Redemption"
"5712","Breaking.Bad","Planet.Earth","Sherlock","The.Shawshank.Redemption","Human.Planet"
"5763","The.Godfather","Se7en","The.Shawshank.Redemption","Star.Wars..Episode.V...The.Empire.Strikes.Back","Forrest.Gump"
"5788","Casablanca","Star.Wars..Episode.V...The.Empire.Strikes.Back","Human.Planet","Se7en","Gravity"
"5797","Star.Wars","The.Blue.Planet","The.Lord.of.the.Rings..The.Fellowship.of.the.Ring","Interstellar","House.of.Cards"
"5832","Breaking.Bad","House.of.Cards","Once.Upon.a.Time.in.the.West","Human.Planet","The.Dark.Knight"
"5862","The.Blue.Planet","The.Lord.of.the.Rings..The.Return.of.the.King","Inception","One.Flew.Over.the.Cuckoo.s.Nest","X12.Angry.Men"
"5879","Once.Upon.a.Time.in.the.West","One.Flew.Over.the.Cuckoo.s.Nest","The.Lord.of.the.Rings..The.Fellowship.of.the.Ring","The.Blue.Planet","Gravity"
"5903","Breaking.Bad","Planet.Earth","Sherlock","The.Shawshank.Redemption","Human.Planet"
"5916","Forrest.Gump","The.Lord.of.the.Rings..The.Return.of.the.King","City.of.God","Casablanca","Boyhood"
"5952","Breaking.Bad","Planet.Earth","Sherlock","The.Shawshank.Redemption","Human.Planet"
"5953","Casablanca","Star.Wars..Episode.V...The.Empire.Strikes.Back","Human.Planet","Se7en","Gravity"
"5959","Forrest.Gump","Casablanca","Seven.Samurai","Boyhood","Interstellar"
"5962","Breaking.Bad","Planet.Earth","Sherlock","The.Shawshank.Redemption","Human.Planet"
"5976","The.Dark.Knight","The.Lego.Movie","Human.Planet","Life","Fight.Club"
"5985","Breaking.Bad","Planet.Earth","Sherlock","The.Shawshank.Redemption","Human.Planet"
"5988","Tell.It.on.the.Mountain","Valley.Uprising","One.Flew.Over.the.Cuckoo.s.Nest","The.Good..the.Bad.and.the.Ugly","Gravity"
"5990","Once.Upon.a.Time.in.the.West","The.Matrix","The.Lord.of.the.Rings..The.Return.of.the.King","X12.Angry.Men","Inception"
"5995","The.Lord.of.the.Rings..The.Fellowship.of.the.Ring","The.Matrix","Inception","Breaking.Bad","The.Blue.Planet"
"6010","Breaking.Bad","Planet.Earth","Sherlock","The.Shawshank.Redemption","Human.Planet"
"6016","Se7en","Schindler.s.List","Star.Wars..Episode.V...The.Empire.Strikes.Back","Forrest.Gump","Casablanca"
"6019","Breaking.Bad","Planet.Earth","Sherlock","The.Shawshank.Redemption","Human.Planet"
"6034","Casablanca","Star.Wars..Episode.V...The.Empire.Strikes.Back","Human.Planet","Se7en","Gravity"
"6039","Tell.It.on.the.Mountain","Valley.Uprising","Gravity","Planet.Earth","Human.Planet"
"6057","Breaking.Bad","Planet.Earth","Sherlock","The.Shawshank.Redemption","Human.Planet"
"6086","The.Decalogue","The.Lord.of.the.Rings..The.Two.Towers","Once.Upon.a.Time.in.the.West","Sherlock","Breaking.Bad"
"6088","Breaking.Bad","Planet.Earth","Sherlock","The.Shawshank.Redemption","Human.Planet"
"6093","It.s.a.Wonderful.Life","Interstellar","Tell.It.on.the.Mountain","Valley.Uprising","Human.Planet"
"6112","Boyhood","Fight.Club","Sherlock","The.Godfather..Part.II","Breaking.Bad"
"6118","The.Lego.Movie","Human.Planet","Fight.Club","Planet.Earth","The.Lord.of.the.Rings..The.Two.Towers"
"6140","Once.Upon.a.Time.in.the.West","One.Flew.Over.the.Cuckoo.s.Nest","The.Lord.of.the.Rings..The.Fellowship.of.the.Ring","The.Blue.Planet","Gravity"
"6151","Casablanca","Boyhood","Seven.Samurai","Interstellar","City.of.God"
"6163","The.Good..the.Bad.and.the.Ugly","Gravity","One.Flew.Over.the.Cuckoo.s.Nest","Human.Planet","The.Lord.of.the.Rings..The.Return.of.the.King"
"6166","Planet.Earth","Valley.Uprising","It.s.a.Wonderful.Life","Interstellar","Tell.It.on.the.Mountain"
"6197","Once.Upon.a.Time.in.the.West","One.Flew.Over.the.Cuckoo.s.Nest","The.Lord.of.the.Rings..The.Fellowship.of.the.Ring","The.Blue.Planet","The.Godfather"
"6214","Breaking.Bad","Planet.Earth","Sherlock","The.Shawshank.Redemption","Human.Planet"
"6224","The.Lord.of.the.Rings..The.Fellowship.of.the.Ring","Inception","Seven.Samurai","The.Matrix","Star.Wars..Episode.V...The.Empire.Strikes.Back"
"6237","Schindler.s.List","The.Shawshank.Redemption","Seven.Samurai","The.Godfather","Casablanca"
"6254","Breaking.Bad","Planet.Earth","Sherlock","The.Shawshank.Redemption","Human.Planet"
"6256","Life","Goodfellas","The.Godfather..Part.II","Inception","Star.Wars"
"6264","Breaking.Bad","The.Lord.of.the.Rings..The.Fellowship.of.the.Ring","The.Matrix","House.of.Cards","The.Blue.Planet"
"6275","Breaking.Bad","Planet.Earth","Sherlock","The.Shawshank.Redemption","Human.Planet"
"6279","Gravity","It.s.a.Wonderful.Life","Valley.Uprising","The.Lego.Movie","Tell.It.on.the.Mountain"
"6290","It.s.a.Wonderful.Life","Tell.It.on.the.Mountain","Pulp.Fiction","Planet.Earth","The.Shawshank.Redemption"
"6294","It.s.a.Wonderful.Life","Planet.Earth","Tell.It.on.the.Mountain","Valley.Uprising","The.Matrix"
"6322","The.Blue.Planet","The.Lord.of.the.Rings..The.Fellowship.of.the.Ring","X12.Angry.Men","House.of.Cards","Life"
"6333","Breaking.Bad","Planet.Earth","Sherlock","The.Shawshank.Redemption","Human.Planet"
"6341","Planet.Earth","Valley.Uprising","It.s.a.Wonderful.Life","Interstellar","Tell.It.on.the.Mountain"
"6350","Breaking.Bad","Planet.Earth","Sherlock","The.Shawshank.Redemption","Human.Planet"
"6369","X12.Angry.Men","The.Lord.of.the.Rings..The.Return.of.the.King","One.Flew.Over.the.Cuckoo.s.Nest","Inception","Star.Wars"
"6390","Forrest.Gump","The.Godfather","Schindler.s.List","The.Shawshank.Redemption","City.of.God"
"6407","Breaking.Bad","Planet.Earth","Sherlock","The.Shawshank.Redemption","Human.Planet"
"6408","Pulp.Fiction","Tell.It.on.the.Mountain","One.Flew.Over.the.Cuckoo.s.Nest","The.Good..the.Bad.and.the.Ugly","Valley.Uprising"
"6411","Breaking.Bad","Planet.Earth","Sherlock","The.Shawshank.Redemption","Human.Planet"
"6413","The.Lord.of.the.Rings..The.Return.of.the.King","The.Matrix","The.Blue.Planet","Inception","Se7en"
"6425","Breaking.Bad","Planet.Earth","Sherlock","The.Shawshank.Redemption","Human.Planet"
"6435","Gravity","Casablanca","Valley.Uprising","It.s.a.Wonderful.Life","Star.Wars..Episode.V...The.Empire.Strikes.Back"
"6450","Breaking.Bad","Planet.Earth","Sherlock","The.Shawshank.Redemption","Human.Planet"
"6451","City.of.God","Forrest.Gump","Star.Wars..Episode.V...The.Empire.Strikes.Back","The.Dark.Knight","Casablanca"
"6476","The.Decalogue","The.Lord.of.the.Rings..The.Two.Towers","Sherlock","The.Lego.Movie","The.Godfather..Part.II"
"6486","Breaking.Bad","Planet.Earth","Sherlock","The.Shawshank.Redemption","Human.Planet"
"6493","Casablanca","Seven.Samurai","Star.Wars..Episode.V...The.Empire.Strikes.Back","The.Shawshank.Redemption","City.of.God"
"6515","Breaking.Bad","Planet.Earth","Sherlock","The.Shawshank.Redemption","Human.Planet"
"6528","Once.Upon.a.Time.in.the.West","The.Blue.Planet","Tell.It.on.the.Mountain","The.Lord.of.the.Rings..The.Fellowship.of.the.Ring","It.s.a.Wonderful.Life"
"6593","Breaking.Bad","Planet.Earth","Sherlock","The.Shawshank.Redemption","Human.Planet"
"6596","Breaking.Bad","Planet.Earth","Sherlock","The.Shawshank.Redemption","Human.Planet"
"6628","Breaking.Bad","Planet.Earth","Sherlock","The.Shawshank.Redemption","Human.Planet"
"6648","Breaking.Bad","Planet.Earth","Sherlock","The.Shawshank.Redemption","Human.Planet"
"6674","Breaking.Bad","Planet.Earth","Sherlock","The.Shawshank.Redemption","Human.Planet"
"6736","Breaking.Bad","Planet.Earth","Sherlock","The.Shawshank.Redemption","Human.Planet"
"6737","The.Blue.Planet","Star.Wars","The.Matrix","The.Lord.of.the.Rings..The.Return.of.the.King","Inception"
"6741","The.Lego.Movie","Gravity","The.Good..the.Bad.and.the.Ugly","Sherlock","Star.Wars..Episode.V...The.Empire.Strikes.Back"
"6743","One.Flew.Over.the.Cuckoo.s.Nest","Valley.Uprising","It.s.a.Wonderful.Life","The.Lego.Movie","Gravity"
"6774","Goodfellas","Breaking.Bad","The.Decalogue","The.Godfather..Part.II","Inception"
"6779","Boyhood","The.Decalogue","Sherlock","The.Godfather..Part.II","Breaking.Bad"
"6793","Seven.Samurai","The.Lord.of.the.Rings..The.Fellowship.of.the.Ring","Star.Wars..Episode.V...The.Empire.Strikes.Back","Valley.Uprising","The.Shawshank.Redemption"
"6808","Breaking.Bad","Planet.Earth","Sherlock","The.Shawshank.Redemption","Human.Planet"
"6814","The.Decalogue","The.Lord.of.the.Rings..The.Two.Towers","Sherlock","The.Lego.Movie","The.Godfather..Part.II"
"6819","The.Dark.Knight","Inception","The.Lego.Movie","The.Lord.of.the.Rings..The.Two.Towers","Schindler.s.List"
"6840","Breaking.Bad","Planet.Earth","Sherlock","The.Shawshank.Redemption","Human.Planet"
"6853","X12.Angry.Men","The.Matrix","The.Blue.Planet","Planet.Earth","Once.Upon.a.Time.in.the.West"
"6871","The.Lord.of.the.Rings..The.Fellowship.of.the.Ring","One.Flew.Over.the.Cuckoo.s.Nest","The.Blue.Planet","House.of.Cards","The.Lord.of.the.Rings..The.Return.of.the.King"
"6888","Pulp.Fiction","Tell.It.on.the.Mountain","One.Flew.Over.the.Cuckoo.s.Nest","The.Good..the.Bad.and.the.Ugly","Valley.Uprising"
"6898","The.Decalogue","The.Lord.of.the.Rings..The.Two.Towers","Sherlock","The.Lego.Movie","The.Godfather..Part.II"
"6903","Casablanca","Interstellar","Boyhood","Forrest.Gump","Star.Wars..Episode.V...The.Empire.Strikes.Back"
"6906","Pulp.Fiction","Tell.It.on.the.Mountain","One.Flew.Over.the.Cuckoo.s.Nest","The.Good..the.Bad.and.the.Ugly","Valley.Uprising"
"6920","Schindler.s.List","The.Shawshank.Redemption","Seven.Samurai","The.Godfather","Casablanca"
"6939","Casablanca","The.Shawshank.Redemption","Se7en","Boyhood","Star.Wars..Episode.V...The.Empire.Strikes.Back"
"6945","Breaking.Bad","Planet.Earth","Sherlock","The.Shawshank.Redemption","Human.Planet"
"6973","X12.Angry.Men","The.Matrix","Star.Wars","Once.Upon.a.Time.in.the.West","The.Lord.of.the.Rings..The.Fellowship.of.the.Ring"
"6988","Breaking.Bad","Planet.Earth","Sherlock","The.Shawshank.Redemption","Human.Planet"
"7005","It.s.a.Wonderful.Life","Pulp.Fiction","One.Flew.Over.the.Cuckoo.s.Nest","Gravity","The.Lord.of.the.Rings..The.Return.of.the.King"
"7012","Breaking.Bad","Planet.Earth","Sherlock","The.Shawshank.Redemption","Human.Planet"
"7026","Breaking.Bad","Planet.Earth","Sherlock","The.Shawshank.Redemption","Human.Planet"
"7044","The.Lego.Movie","Human.Planet","Fight.Club","Planet.Earth","The.Lord.of.the.Rings..The.Two.Towers"
"7083","Breaking.Bad","Planet.Earth","Sherlock","The.Shawshank.Redemption","Human.Planet"
"7092","Seven.Samurai","Valley.Uprising","The.Shawshank.Redemption","Schindler.s.List","Tell.It.on.the.Mountain"
"7099","Boyhood","Fight.Club","Sherlock","The.Godfather..Part.II","Breaking.Bad"
"7137","Goodfellas","The.Decalogue","Breaking.Bad","House.of.Cards","The.Lord.of.the.Rings..The.Two.Towers"
"7165","Breaking.Bad","Planet.Earth","Sherlock","The.Shawshank.Redemption","Human.Planet"
"7201","Boyhood","Fight.Club","The.Dark.Knight","Inception","Sherlock"
"7210","The.Lego.Movie","The.Decalogue","Boyhood","The.Godfather..Part.II","Human.Planet"
"7211","The.Good..the.Bad.and.the.Ugly","It.s.a.Wonderful.Life","The.Matrix","The.Lego.Movie","Tell.It.on.the.Mountain"
"7238","The.Good..the.Bad.and.the.Ugly","The.Shawshank.Redemption","Pulp.Fiction","It.s.a.Wonderful.Life","The.Lord.of.the.Rings..The.Return.of.the.King"
"7246","The.Lego.Movie","Human.Planet","The.Lord.of.the.Rings..The.Two.Towers","Fight.Club","The.Decalogue"
"7249","The.Decalogue","The.Dark.Knight","House.of.Cards","The.Lord.of.the.Rings..The.Two.Towers","The.Shawshank.Redemption"
"7251","Breaking.Bad","Planet.Earth","Sherlock","The.Shawshank.Redemption","Human.Planet"
"7252","The.Decalogue","Breaking.Bad","Life","The.Godfather..Part.II","House.of.Cards"
"7275","The.Lord.of.the.Rings..The.Fellowship.of.the.Ring","The.Matrix","Inception","Breaking.Bad","The.Blue.Planet"
"7302","Human.Planet","The.Lego.Movie","Gravity","Casablanca","Star.Wars..Episode.V...The.Empire.Strikes.Back"
"7377","Human.Planet","Casablanca","Star.Wars..Episode.V...The.Empire.Strikes.Back","Se7en","Gravity"
"7380","The.Godfather","Se7en","The.Shawshank.Redemption","Star.Wars..Episode.V...The.Empire.Strikes.Back","Forrest.Gump"
"7392","Star.Wars..Episode.V...The.Empire.Strikes.Back","Valley.Uprising","Casablanca","Gravity","Seven.Samurai"
"7398","Breaking.Bad","Planet.Earth","Sherlock","The.Shawshank.Redemption","Human.Planet"
"7410","The.Godfather","Se7en","The.Shawshank.Redemption","Star.Wars..Episode.V...The.Empire.Strikes.Back","Forrest.Gump"
"7418","Pulp.Fiction","The.Godfather","The.Good..the.Bad.and.the.Ugly","The.Shawshank.Redemption","It.s.a.Wonderful.Life"
"7434","The.Lego.Movie","Human.Planet","Fight.Club","Planet.Earth","The.Lord.of.the.Rings..The.Two.Towers"
"7453","The.Blue.Planet","The.Lord.of.the.Rings..The.Return.of.the.King","Inception","One.Flew.Over.the.Cuckoo.s.Nest","X12.Angry.Men"
"7458","Seven.Samurai","Once.Upon.a.Time.in.the.West","Valley.Uprising","Casablanca","The.Matrix"
"7481","The.Lord.of.the.Rings..The.Fellowship.of.the.Ring","The.Matrix","Inception","Breaking.Bad","The.Blue.Planet"
"7482","Human.Planet","Once.Upon.a.Time.in.the.West","Tell.It.on.the.Mountain","The.Blue.Planet","Seven.Samurai"
"7560","Breaking.Bad","Planet.Earth","Sherlock","The.Shawshank.Redemption","Human.Planet"
"7569","Breaking.Bad","Planet.Earth","Sherlock","The.Shawshank.Redemption","Human.Planet"
"7576","The.Lego.Movie","Gravity","The.Good..the.Bad.and.the.Ugly","Sherlock","Star.Wars..Episode.V...The.Empire.Strikes.Back"
"7585","Breaking.Bad","Planet.Earth","Sherlock","The.Shawshank.Redemption","Human.Planet"
"7588","Once.Upon.a.Time.in.the.West","Life","Inception","The.Blue.Planet","Tell.It.on.the.Mountain"
"7593","Casablanca","Star.Wars..Episode.V...The.Empire.Strikes.Back","Human.Planet","Se7en","Gravity"
"7612","Breaking.Bad","Planet.Earth","Sherlock","The.Shawshank.Redemption","Human.Planet"
"7651","Breaking.Bad","Planet.Earth","Sherlock","The.Shawshank.Redemption","Human.Planet"
"7712","Planet.Earth","The.Godfather","Life","Se7en","Interstellar"
"7735","Breaking.Bad","Planet.Earth","Sherlock","The.Shawshank.Redemption","Human.Planet"
"7750","Life","The.Decalogue","Inception","The.Matrix","Star.Wars"
"7763","Breaking.Bad","Planet.Earth","Sherlock","The.Shawshank.Redemption","Human.Planet"
"7770","Breaking.Bad","Planet.Earth","Sherlock","The.Shawshank.Redemption","Human.Planet"
"7772","Once.Upon.a.Time.in.the.West","The.Lord.of.the.Rings..The.Fellowship.of.the.Ring","Tell.It.on.the.Mountain","The.Blue.Planet","Seven.Samurai"
"7861","The.Lord.of.the.Rings..The.Fellowship.of.the.Ring","The.Matrix","Inception","Breaking.Bad","The.Blue.Planet"
"7868","Breaking.Bad","Planet.Earth","Sherlock","The.Shawshank.Redemption","Human.Planet"
"7888","The.Lego.Movie","Human.Planet","Fight.Club","Planet.Earth","The.Lord.of.the.Rings..The.Two.Towers"
"7891","Sherlock","Interstellar","The.Lord.of.the.Rings..The.Two.Towers","The.Shawshank.Redemption","The.Decalogue"
"7892","Life","The.Godfather..Part.II","The.Decalogue","Breaking.Bad","Inception"
"7908","Breaking.Bad","Planet.Earth","Sherlock","The.Shawshank.Redemption","Human.Planet"
"7914","Goodfellas","Star.Wars","The.Dark.Knight","The.Godfather..Part.II","Inception"
"7931","Breaking.Bad","Planet.Earth","Sherlock","The.Shawshank.Redemption","Human.Planet"
"7934","Pulp.Fiction","Tell.It.on.the.Mountain","One.Flew.Over.the.Cuckoo.s.Nest","Gravity","Planet.Earth"
"7943","Tell.It.on.the.Mountain","Valley.Uprising","One.Flew.Over.the.Cuckoo.s.Nest","The.Good..the.Bad.and.the.Ugly","Gravity"
"7973","Breaking.Bad","Planet.Earth","Sherlock","The.Shawshank.Redemption","Human.Planet"
"8006","The.Lord.of.the.Rings..The.Return.of.the.King","Boyhood","Se7en","Forrest.Gump","City.of.God"
"8030","Breaking.Bad","Planet.Earth","Sherlock","The.Shawshank.Redemption","Human.Planet"
"8040","Goodfellas","The.Godfather..Part.II","Inception","Breaking.Bad","Star.Wars"
"8061","Breaking.Bad","Planet.Earth","Sherlock","The.Shawshank.Redemption","Human.Planet"
"8062","The.Lord.of.the.Rings..The.Return.of.the.King","Boyhood","Se7en","Forrest.Gump","City.of.God"
"8087","Breaking.Bad","House.of.Cards","Once.Upon.a.Time.in.the.West","Human.Planet","The.Dark.Knight"
"8094","It.s.a.Wonderful.Life","Pulp.Fiction","One.Flew.Over.the.Cuckoo.s.Nest","The.Good..the.Bad.and.the.Ugly","Gravity"
"8108","Casablanca","The.Lord.of.the.Rings..The.Return.of.the.King","Human.Planet","Inception","Interstellar"
"8109","Seven.Samurai","The.Lord.of.the.Rings..The.Fellowship.of.the.Ring","City.of.God","The.Matrix","Casablanca"
"8116","City.of.God","Forrest.Gump","Star.Wars..Episode.V...The.Empire.Strikes.Back","Casablanca","Breaking.Bad"
"8117","Breaking.Bad","Planet.Earth","Sherlock","The.Shawshank.Redemption","Human.Planet"
"8132","Planet.Earth","Valley.Uprising","It.s.a.Wonderful.Life","Interstellar","Tell.It.on.the.Mountain"
"8133","The.Lord.of.the.Rings..The.Two.Towers","Se7en","Seven.Samurai","Star.Wars..Episode.V...The.Empire.Strikes.Back","City.of.God"
"8136","Breaking.Bad","Planet.Earth","Sherlock","The.Shawshank.Redemption","Human.Planet"
"8143","Seven.Samurai","The.Lord.of.the.Rings..The.Fellowship.of.the.Ring","Star.Wars..Episode.V...The.Empire.Strikes.Back","Valley.Uprising","The.Shawshank.Redemption"
"8146","The.Good..the.Bad.and.the.Ugly","The.Shawshank.Redemption","Pulp.Fiction","It.s.a.Wonderful.Life","The.Lord.of.the.Rings..The.Return.of.the.King"
"8152","Breaking.Bad","Planet.Earth","Sherlock","The.Shawshank.Redemption","Human.Planet"
"8171","The.Lord.of.the.Rings..The.Two.Towers","The.Lego.Movie","The.Godfather..Part.II","Human.Planet","The.Blue.Planet"
"8176","Pulp.Fiction","Tell.It.on.the.Mountain","One.Flew.Over.the.Cuckoo.s.Nest","Gravity","Planet.Earth"
"8194","The.Godfather","Casablanca","Schindler.s.List","Boyhood","The.Lord.of.the.Rings..The.Return.of.the.King"
"8265","The.Lord.of.the.Rings..The.Return.of.the.King","One.Flew.Over.the.Cuckoo.s.Nest","The.Blue.Planet","Inception","Breaking.Bad"
"8268","Breaking.Bad","Planet.Earth","Sherlock","The.Shawshank.Redemption","Human.Planet"
"8270","The.Lord.of.the.Rings..The.Fellowship.of.the.Ring","The.Matrix","X12.Angry.Men","The.Lord.of.the.Rings..The.Return.of.the.King","Boyhood"
"8284","Seven.Samurai","Inception","Once.Upon.a.Time.in.the.West","The.Matrix","X12.Angry.Men"
"8299","The.Matrix","Seven.Samurai","Inception","The.Blue.Planet","Valley.Uprising"
"8317","Breaking.Bad","Planet.Earth","Sherlock","The.Shawshank.Redemption","Human.Planet"
"8333","Breaking.Bad","Planet.Earth","Sherlock","The.Shawshank.Redemption","Human.Planet"
"8345","The.Dark.Knight","Life","House.of.Cards","The.Decalogue","The.Godfather..Part.II"
"8372","Breaking.Bad","Planet.Earth","Sherlock","The.Shawshank.Redemption","Human.Planet"
"8386","City.of.God","House.of.Cards","The.Dark.Knight","Seven.Samurai","Star.Wars..Episode.V...The.Empire.Strikes.Back"
"8397","Breaking.Bad","Planet.Earth","Sherlock","The.Shawshank.Redemption","Human.Planet"
"8413","The.Lord.of.the.Rings..The.Two.Towers","The.Godfather..Part.II","The.Dark.Knight","The.Lego.Movie","Goodfellas"
"8425","Breaking.Bad","Planet.Earth","Sherlock","The.Shawshank.Redemption","Human.Planet"
"8428","The.Decalogue","The.Dark.Knight","House.of.Cards","The.Lord.of.the.Rings..The.Two.Towers","The.Shawshank.Redemption"
"8437","Once.Upon.a.Time.in.the.West","One.Flew.Over.the.Cuckoo.s.Nest","The.Lord.of.the.Rings..The.Fellowship.of.the.Ring","The.Blue.Planet","Gravity"
"8441","The.Dark.Knight","Inception","The.Lego.Movie","The.Lord.of.the.Rings..The.Two.Towers","Schindler.s.List"
"8463","Breaking.Bad","Planet.Earth","Sherlock","The.Shawshank.Redemption","Human.Planet"
"8474","Breaking.Bad","Planet.Earth","Sherlock","The.Shawshank.Redemption","Human.Planet"
"8475","The.Dark.Knight","Life","The.Decalogue","Fight.Club","Star.Wars"
"8485","The.Matrix","X12.Angry.Men","Star.Wars","The.Lord.of.the.Rings..The.Return.of.the.King","One.Flew.Over.the.Cuckoo.s.Nest"
"8495","The.Shawshank.Redemption","Interstellar","Gravity","Star.Wars..Episode.V...The.Empire.Strikes.Back","Pulp.Fiction"
"8508","The.Decalogue","The.Lord.of.the.Rings..The.Two.Towers","Sherlock","The.Lego.Movie","The.Godfather..Part.II"
"8517","Inception","Goodfellas","The.Decalogue","The.Lord.of.the.Rings..The.Fellowship.of.the.Ring","The.Matrix"
"8522","Breaking.Bad","Planet.Earth","Sherlock","The.Shawshank.Redemption","Human.Planet"
"8529","The.Shawshank.Redemption","Star.Wars..Episode.V...The.Empire.Strikes.Back","Seven.Samurai","The.Lord.of.the.Rings..The.Fellowship.of.the.Ring","Pulp.Fiction"
"8535","Sherlock","Planet.Earth","Breaking.Bad","Fight.Club","House.of.Cards"
"8550","Schindler.s.List","The.Lego.Movie","The.Shawshank.Redemption","Gravity","Boyhood"
"8563","Breaking.Bad","Planet.Earth","Sherlock","The.Shawshank.Redemption","Human.Planet"
"8591","Pulp.Fiction","The.Godfather","It.s.a.Wonderful.Life","The.Good..the.Bad.and.the.Ugly","Tell.It.on.the.Mountain"
"8604","City.of.God","Forrest.Gump","Star.Wars..Episode.V...The.Empire.Strikes.Back","Casablanca","Breaking.Bad"
"8606","Planet.Earth","The.Godfather","Life","Se7en","Interstellar"
"8629","Star.Wars..Episode.V...The.Empire.Strikes.Back","Tell.It.on.the.Mountain","The.Shawshank.Redemption","Interstellar","Casablanca"
"8634","Interstellar","It.s.a.Wonderful.Life","Tell.It.on.the.Mountain","Gravity","The.Shawshank.Redemption"
"8639","Once.Upon.a.Time.in.the.West","It.s.a.Wonderful.Life","The.Lord.of.the.Rings..The.Fellowship.of.the.Ring","Pulp.Fiction","The.Blue.Planet"
"8644","Se7en","The.Shawshank.Redemption","Boyhood","Casablanca","The.Lord.of.the.Rings..The.Return.of.the.King"
"8648","The.Lord.of.the.Rings..The.Two.Towers","The.Lego.Movie","The.Decalogue","The.Godfather..Part.II","Planet.Earth"
"8657","The.Blue.Planet","Inception","Star.Wars","Seven.Samurai","One.Flew.Over.the.Cuckoo.s.Nest"
"8660","Breaking.Bad","Planet.Earth","Sherlock","The.Shawshank.Redemption","Human.Planet"
"8726","The.Lego.Movie","X12.Angry.Men","Fight.Club","Human.Planet","The.Lord.of.the.Rings..The.Two.Towers"
"8757","Life","Once.Upon.a.Time.in.the.West","One.Flew.Over.the.Cuckoo.s.Nest","Inception","Star.Wars"
"8760","The.Decalogue","The.Dark.Knight","The.Godfather","Casablanca","Schindler.s.List"
"8792","Casablanca","The.Lord.of.the.Rings..The.Return.of.the.King","Human.Planet","Inception","Interstellar"
"8796","Forrest.Gump","The.Godfather","City.of.God","Se7en","Star.Wars..Episode.V...The.Empire.Strikes.Back"
"8802","Once.Upon.a.Time.in.the.West","The.Matrix","The.Lord.of.the.Rings..The.Return.of.the.King","X12.Angry.Men","Inception"
"8832","The.Lord.of.the.Rings..The.Fellowship.of.the.Ring","Seven.Samurai","The.Matrix","Inception","Schindler.s.List"
"8836","Fight.Club","The.Dark.Knight","The.Lord.of.the.Rings..The.Fellowship.of.the.Ring","The.Matrix","The.Godfather..Part.II"
"8843","It.s.a.Wonderful.Life","Pulp.Fiction","The.Good..the.Bad.and.the.Ugly","The.Matrix","Planet.Earth"
"8866","Se7en","Star.Wars..Episode.V...The.Empire.Strikes.Back","City.of.God","Schindler.s.List","Human.Planet"
"8867","It.s.a.Wonderful.Life","Interstellar","Tell.It.on.the.Mountain","Valley.Uprising","Planet.Earth"
"8908","Breaking.Bad","Planet.Earth","Sherlock","The.Shawshank.Redemption","Human.Planet"
"8926","The.Blue.Planet","House.of.Cards","The.Lord.of.the.Rings..The.Fellowship.of.the.Ring","Life","Once.Upon.a.Time.in.the.West"
"8965","Breaking.Bad","Planet.Earth","Sherlock","The.Shawshank.Redemption","Human.Planet"
"8969","Se7en","Forrest.Gump","Star.Wars..Episode.V...The.Empire.Strikes.Back","The.Shawshank.Redemption","Seven.Samurai"
"8986","Forrest.Gump","The.Godfather","Schindler.s.List","The.Shawshank.Redemption","City.of.God"
"9003","It.s.a.Wonderful.Life","Tell.It.on.the.Mountain","Pulp.Fiction","Planet.Earth","The.Shawshank.Redemption"
"9007","The.Good..the.Bad.and.the.Ugly","Gravity","Human.Planet","The.Lord.of.the.Rings..The.Return.of.the.King","The.Godfather"
"9062","Casablanca","Boyhood","Seven.Samurai","Interstellar","City.of.God"
"9086","Human.Planet","Pulp.Fiction","Breaking.Bad","The.Godfather","Se7en"
"9087","Inception","Once.Upon.a.Time.in.the.West","The.Matrix","The.Lord.of.the.Rings..The.Return.of.the.King","The.Lego.Movie"
"9120","One.Flew.Over.the.Cuckoo.s.Nest","Valley.Uprising","It.s.a.Wonderful.Life","The.Lego.Movie","Gravity"
"9124","The.Lego.Movie","Gravity","The.Good..the.Bad.and.the.Ugly","Sherlock","Star.Wars..Episode.V...The.Empire.Strikes.Back"
"9130","Life","Goodfellas","The.Dark.Knight","The.Godfather..Part.II","Once.Upon.a.Time.in.the.West"
"9139","City.of.God","Star.Wars..Episode.V...The.Empire.Strikes.Back","Se7en","Forrest.Gump","Casablanca"
"9150","Sherlock","Planet.Earth","Breaking.Bad","Fight.Club","House.of.Cards"
"9158","Fight.Club","The.Godfather..Part.II","The.Dark.Knight","Goodfellas","The.Lego.Movie"
"9164","Forrest.Gump","Se7en","Casablanca","Seven.Samurai","Star.Wars..Episode.V...The.Empire.Strikes.Back"
"9175","The.Lego.Movie","Planet.Earth","The.Lord.of.the.Rings..The.Two.Towers","Interstellar","The.Godfather..Part.II"
"9177","The.Lord.of.the.Rings..The.Fellowship.of.the.Ring","Inception","Breaking.Bad","The.Decalogue","House.of.Cards"
